{"cameraMode":{"drawMode":0,"name":"Shaded","section":"Shading Mode"},"sceneLighting":false,"audioPlay":false,"sceneViewState":{"m_AlwaysRefresh":false,"showFog":true,"showSkybox":false,"showFlares":true,"showImageEffects":true,"showParticleSystems":true,"showVisualEffectGraphs":true,"m_FxEnabled":true},"in2DMode":false,"pivot":{"x":0.08931206166744232,"y":0.04711000248789787,"z":0.010997515171766281},"rotation":{"x":-0.12905481457710267,"y":-0.3783935606479645,"z":0.053370311856269839,"w":-0.9150630831718445},"size":0.1266690492630005,"orthographic":false}