{"cameraMode":{"drawMode":0,"name":"Shaded","section":"Shading Mode"},"sceneLighting":false,"audioPlay":false,"sceneViewState":{"m_AlwaysRefresh":false,"showFog":true,"showSkybox":false,"showFlares":true,"showImageEffects":true,"showParticleSystems":true,"showVisualEffectGraphs":true,"m_FxEnabled":true},"in2DMode":false,"pivot":{"x":0.2894485592842102,"y":1.2792351245880128,"z":-0.21620866656303407},"rotation":{"x":0.07947663217782974,"y":0.7424603700637817,"z":-0.08952464163303375,"w":0.6591118574142456},"size":4.824745178222656,"orthographic":false}